{
    "loss": 0.7290497422218323,
    "accuracy": 0.9487179517745972
}