{
    "loss": 1.5432250499725342,
    "accuracy": 0.931034505367279
}