{
    "loss": 0.41672104597091675,
    "accuracy": 0.9743589758872986
}